X1,X2,X3,X4,X5,z_score,zone,revenue_growth,leverage_ratio,interest_coverage,defaulted
0.034,0.0846,0.0708,0.6067,1.0472,1.6161,grey,-0.0212,2.0244,3.1039,0
-0.0546,-0.1876,0.016,0.3636,0.5039,0.5072,distress,-0.0725,4.756,0.5979,0
0.1953,0.084,0.0262,0.6336,1.1678,1.7242,grey,0.0522,0.8304,3.8124,0
0.4799,0.2644,0.2243,1.3332,1.1384,2.9608,safe,0.023,0.9318,7.6462,0
0.0181,0.0849,-0.0011,0.4991,0.5275,0.8176,distress,-0.2086,2.56,0.9952,1
0.0896,-0.2157,0.0929,0.1631,0.5292,0.7667,distress,0.0937,2.4605,1.1323,1
0.1761,0.1173,0.0554,0.8254,1.5919,2.3332,grey,0.0684,2.0717,1.6797,0
0.4901,0.3181,0.1253,2.2122,1.4763,3.4127,safe,0.1193,0.4182,11.4934,0
0.2861,0.2725,0.2697,1.3671,1.4905,3.3356,safe,-0.021,0.8355,9.0777,0
0.1824,0.0561,0.0624,0.8747,1.1116,1.849,grey,0.0323,1.7931,2.1586,0
-0.0399,-0.0828,0.0181,0.5079,0.4285,0.5985,distress,-0.0424,3.0542,0.5466,0
0.3599,0.3931,0.2879,2.0581,1.0885,3.4361,safe,0.0264,0.478,11.3503,0
0.198,0.1526,0.064,1.0362,0.8886,1.7921,grey,-0.0241,1.0451,3.0355,0
0.3703,0.1991,0.2224,2.1313,1.3155,3.3333,safe,0.1134,0.838,10.8161,0
0.1323,0.1273,0.1102,1.1243,0.8264,1.8421,grey,-0.0219,2.1492,1.6468,0
0.171,-0.0726,0.0063,0.3763,0.496,0.7339,distress,-0.1564,2.6278,1.5167,1
-0.1585,-0.1536,-0.0581,0.0156,0.4945,0.0758,distress,-0.0514,4.8546,0.4243,0
0.1712,0.181,0.066,1.345,0.6797,1.7243,grey,0.0252,1.4414,1.531,0
0.1331,0.2035,0.0997,0.3809,1.0639,1.7993,grey,-0.0659,0.9221,3.5069,0
0.1022,0.2247,0.0553,0.9978,0.8008,1.6537,grey,0.018,1.1403,3.2001,0
0.2479,0.3052,0.1636,1.6316,1.3859,3.0129,safe,0.1004,0.9372,5.6202,0
0.3309,0.2837,0.3058,1.0714,1.0828,2.9582,safe,0.1824,0.5039,8.2351,0
0.0514,-0.2547,0.0105,0.2767,1.1605,1.1281,distress,0.1324,3.8309,1.7787,1
0.0971,0.0456,-0.0398,0.3987,0.6731,0.8238,distress,-0.0046,2.4477,1.7953,0
0.3853,0.4913,0.208,1.6119,1.0479,3.0613,safe,0.0554,0.5781,7.5601,0
0.0535,0.2457,0.3252,2.0174,1.0321,3.1343,safe,0.1079,0.7938,7.1027,0
-0.15,-0.123,-0.0312,0.0503,0.7834,0.4942,distress,-0.0414,3.665,0.3506,1
-0.1766,-0.3025,0.0536,0.3372,0.9873,0.9108,distress,-0.0645,2.6691,1.7106,1
0.0297,0.0971,0.0507,0.8493,0.7399,1.3562,grey,-0.009,1.0596,3.2188,1
-0.1378,-0.1556,-0.0352,0.2661,1.1603,0.9297,distress,-0.1864,4.2195,1.7815,0
0.3016,0.2672,0.2402,2.0691,1.6012,3.6558,safe,0.0707,0.9474,4.1989,0
0.1515,0.0568,0.0865,0.7791,0.5666,1.3182,grey,-0.093,1.2751,3.6387,0
0.119,0.3054,0.1517,2.0297,1.4106,3.0756,safe,0.0883,0.3633,11.1763,0
0.3828,0.4727,0.088,2.2319,1.1014,2.9848,safe,0.0763,0.78,6.375,0
0.2305,0.1299,0.0507,0.8033,1.259,2.0266,grey,0.0489,1.8539,3.2418,0
0.423,0.1413,0.1815,1.69,1.3025,2.9965,safe,0.0792,0.8846,5.7046,1
0.3997,0.3142,0.2214,1.5864,1.2476,3.1521,safe,0.1175,0.5845,10.5122,0
0.3245,0.1493,0.1209,1.3696,1.9372,3.2433,safe,0.1881,0.3186,4.3957,0
0.3429,0.3334,0.1831,1.4172,1.4701,3.1594,safe,0.1244,0.3174,11.4197,0
0.4871,0.2516,0.3146,1.799,1.3224,3.6151,safe,0.177,0.9466,7.5039,0
0.4825,0.2956,0.2574,2.0055,1.4348,3.6703,safe,0.0259,0.5809,6.5915,0
0.5294,0.4315,0.1734,1.9764,1.43,3.5411,safe,0.0873,0.935,7.3544,0
-0.0577,-0.018,0.0377,0.4353,0.5388,0.7812,distress,-0.026,3.6889,1.6707,1
0.342,0.4798,0.2337,1.8057,1.2746,3.408,safe,0.0827,0.6753,8.9743,0
0.2771,0.2586,0.218,1.8015,1.3021,3.1512,safe,0.1202,0.7589,9.3033,0
0.3174,0.4427,0.2902,1.632,1.7715,3.9578,safe,0.0821,0.8035,11.1006,0
0.143,-0.3865,-0.054,0.0936,0.6842,0.3296,distress,-0.0966,4.6091,1.3175,0
0.1671,-0.1235,0.092,0.1973,0.7728,1.1552,distress,0.1793,2.7418,0.5995,1
0.401,0.2895,0.1563,2.5336,1.1657,3.2458,safe,0.218,0.7417,6.7814,0
-0.155,-0.1521,-0.0614,0.2155,0.7297,0.3879,distress,-0.1,4.6787,0.2043,1
0.0498,-0.0192,0.0809,0.7635,0.7829,1.3726,grey,0.1508,1.7132,2.2422,1
0.1038,0.1731,0.1266,0.9452,0.8348,1.8446,grey,-0.1375,2.386,2.0097,0
-0.1194,-0.1038,-0.0101,0.1111,0.6412,0.4816,distress,0.1858,3.4774,0.2981,0
0.4236,0.3374,0.2179,1.0979,1.2993,3.0244,safe,0.0618,0.762,6.4198,0
-0.1236,-0.0407,-0.1275,0.2922,0.6217,0.2241,distress,-0.1418,3.7689,1.4382,0
0.1072,-0.17,-0.0454,0.3459,0.5694,0.5053,distress,-0.1071,2.9363,1.7716,0
0.3385,0.2164,0.2197,2.1251,1.3781,3.3765,safe,0.1722,0.9619,7.1399,0
0.2826,0.2288,0.1272,2.9408,1.2893,3.3135,safe,0.1332,0.4438,11.1069,0
0.2641,0.2162,0.0587,1.1495,1.1319,2.1673,grey,0.1901,2.2204,1.7223,1
0.4083,0.4732,0.2506,2.0195,1.7232,4.0402,safe,0.1063,0.8631,8.2618,0
0.0537,0.1154,-0.0132,0.397,0.6401,0.9007,distress,-0.0235,4.1201,1.1205,1
0.2944,0.172,0.2809,2.6645,1.6078,3.9532,safe,0.0953,0.7157,5.0082,0
0.4211,0.3793,0.1591,1.5688,1.4574,3.2309,safe,0.0685,0.8974,5.8715,0
0.3686,0.1422,0.1043,0.4767,0.5783,1.486,grey,0.1208,1.1474,1.734,0
0.1241,0.125,0.0854,0.8645,1.0931,1.9142,grey,0.0489,1.6543,2.5444,0
0.2637,0.2852,0.1708,1.9917,1.4999,3.2949,safe,0.0165,0.5683,9.8375,0
0.3761,0.1888,0.2515,1.9314,1.344,3.3634,safe,-0.0247,0.8905,11.2212,0
-0.0045,-0.0233,0.0171,0.2206,0.6169,0.7384,distress,-0.1418,2.4711,0.2189,1
0.3948,0.3058,0.2129,1.7062,1.2834,3.2011,safe,0.0895,0.4318,4.2503,0
0.141,0.0478,0.0648,1.1688,0.6985,1.5308,grey,-0.0876,1.323,2.2478,1
0.4868,0.2148,0.3138,2.2977,1.4913,3.9592,safe,0.0817,0.8395,8.3238,0
-0.0265,0.1979,0.0804,0.7389,0.5322,1.2399,grey,0.0452,2.0739,2.2196,1
0.143,-0.224,0.009,0.1828,0.767,0.7829,distress,-0.1551,3.5369,1.4919,0
0.1007,0.2748,0.0807,1.1873,0.9654,2.0177,grey,0.0678,0.888,2.6941,0
0.1635,0.156,0.0686,0.3155,1.1471,1.7399,grey,0.0355,2.2103,1.5611,0
0.0335,-0.1064,0.0306,0.1548,0.7924,0.8849,distress,0.0068,3.2501,0.2058,1
0.4954,0.2544,0.2479,1.4778,1.1819,3.1412,safe,0.0157,0.8583,10.7134,0
0.3223,0.2404,0.1805,2.1975,1.2541,3.1701,safe,0.0406,0.9996,8.1317,0
0.3397,0.2972,0.1935,2.2738,0.8667,2.9165,safe,0.0097,0.3503,5.1023,0
0.0441,-0.043,-0.0394,0.0004,0.522,0.394,distress,-0.0035,2.1289,0.3269,0
0.3277,0.1727,0.0795,1.2771,0.9398,2.1025,grey,0.008,0.9542,2.5591,0
0.0406,0.2022,-0.0161,1.1387,0.8862,1.5131,grey,-0.0735,2.4481,3.3328,0
0.2403,0.4837,0.3543,1.2142,1.0895,3.2801,safe,0.1005,0.8773,6.4827,0
0.1824,0.0592,0.1089,0.814,1.0905,1.9493,grey,0.0923,2.3596,3.6275,0
0.4546,0.4188,0.1922,1.5498,1.3455,3.2715,safe,0.0483,0.9126,8.8818,0
0.4212,0.1819,0.146,1.4877,1.5975,3.1289,safe,0.0998,0.6272,7.1365,0
0.5016,0.2739,0.2304,1.9185,1.1685,3.2794,safe,0.1618,0.9572,6.7571,0
0.4386,0.3491,0.252,1.9447,1.0933,3.3011,safe,0.1002,0.992,10.5465,0
0.5036,0.3183,0.1065,1.1159,1.6953,3.1223,safe,0.1834,0.4073,5.4341,0
0.2971,0.3233,0.1813,2.6009,1.1282,3.2684,safe,0.0186,0.5911,4.3329,0
0.1996,0.1493,0.0656,0.9215,1.4586,2.3161,grey,-0.0089,1.5858,2.3172,0
0.2939,0.2978,0.0862,1.9144,1.4902,3.0222,safe,0.0976,0.45,5.117,0
0.3603,0.2853,0.2753,1.4889,1.8181,3.7951,safe,0.0665,0.3703,6.1163,0
0.1057,-0.1816,0.0806,0.2824,0.7512,1.0406,distress,0.0579,3.4748,1.4893,0
0.3928,0.2811,0.1997,1.981,1.5962,3.5652,safe,0.0594,0.7046,9.5982,0
0.3337,0.3338,0.2644,1.8453,1.3932,3.509,safe,-0.043,0.6544,9.5541,0
0.1835,0.1241,0.1041,0.9523,1.0508,2.0086,grey,-0.0161,1.3763,3.1386,1
0.0382,0.0892,0.1131,0.6075,0.9578,1.6653,grey,-0.011,0.9104,1.6373,0
-0.1238,-0.0699,-0.0087,0.3971,0.8307,0.8209,distress,0.0289,3.3625,0.5047,1
0.3092,0.3039,0.1613,2.3247,0.9972,2.9517,safe,0.0283,0.5072,6.97,0
0.1311,-0.1494,-0.0007,0.4329,0.5537,0.6997,distress,-0.0011,3.1636,1.4997,0
0.2748,0.3397,0.2133,1.4889,1.4962,3.2662,safe,0.1495,0.9122,6.7146,0
0.2678,0.3202,0.2307,1.8057,1.5987,3.5338,safe,0.1314,0.9658,4.9478,0
0.229,0.1984,0.1446,1.3335,0.6834,2.0236,grey,0.011,2.0776,2.7692,0
-0.1604,-0.0958,-0.07,0.582,0.5296,0.3593,distress,0.1431,2.015,0.4949,0
0.0741,-0.2996,-0.0734,0.4647,0.5493,0.3146,distress,-0.0992,3.4156,1.1312,0
0.2962,0.1847,0.0848,0.0691,0.6541,1.3141,grey,0.0581,1.5961,3.9055,0
0.3677,0.1916,0.1854,1.9141,1.9552,3.7573,safe,0.1926,0.9531,10.4349,0
0.0501,0.1229,0.0887,0.2431,0.8549,1.3708,grey,0.011,1.4599,2.3635,0
0.4274,0.2961,0.2844,1.5589,1.4998,3.5924,safe,0.0858,0.4502,8.5014,0
0.1737,0.2722,0.0573,0.8779,1.1562,2.0559,grey,-0.0015,2.18,2.3739,0
0.1632,-0.1602,-0.0275,0.6285,1.0163,1.1741,distress,-0.0576,2.8788,1.6229,0
0.2144,0.2205,0.2582,2.2201,1.6462,3.7182,safe,0.0637,0.6439,11.1442,0
-0.1301,-0.0989,-0.0168,0.0075,0.895,0.6672,distress,0.0153,3.6452,0.5549,1
-0.0484,-0.1085,-0.0188,0.2101,1.0699,0.9709,distress,-0.0709,4.8186,1.2574,0
0.075,0.2766,0.1687,1.5878,1.5237,2.9997,safe,0.1519,0.3111,7.8176,0
0.1915,0.1663,0.0844,0.8659,0.8353,1.7377,grey,0.1135,1.367,2.3267,0
0.1003,0.114,0.0143,-0.0323,0.239,0.4378,distress,-0.0345,4.8275,0.7107,1
0.131,-0.0444,0.0706,1.0435,0.6575,1.3701,grey,-0.0023,1.1221,1.8098,0
0.0923,0.1187,0.1711,0.3433,1.1569,1.9971,grey,-0.0613,1.4517,3.4313,0
0.2589,0.3559,0.1667,2.1237,1.1959,3.0905,safe,0.1221,0.9039,4.0099,0
0.2901,0.0362,0.0401,0.8634,0.9976,1.7215,grey,0.0447,1.562,2.163,0
0.0014,0.1274,0.0416,0.8258,0.7015,1.2851,grey,-0.067,0.8619,2.8905,0
0.1998,0.1282,0.0239,1.0301,0.5938,1.3512,grey,0.0911,1.2054,3.3678,0
0.1049,0.1258,0.0152,1.3118,1.1799,1.9575,grey,0.0308,1.6361,2.8216,0
-0.1009,-0.2335,-0.0634,0.4266,0.5041,0.2151,distress,0.246,4.0918,1.1509,1
0.4615,0.3383,0.1721,1.9744,1.7853,3.7632,safe,0.2046,0.3939,6.2246,0
0.309,0.15,0.1339,0.434,0.6923,1.6379,grey,0.0202,1.0181,3.4521,0
0.1512,-0.0707,0.1058,0.1342,1.2675,1.6987,grey,0.0219,1.9796,3.6192,0
-0.129,-0.2687,0.0733,0.5131,0.8344,0.9558,distress,0.1372,2.4393,1.3966,0
0.2393,0.058,0.0491,0.6031,0.7586,1.3835,grey,0.0869,1.7423,3.0547,0
0.4463,0.2275,0.1288,2.0299,1.4966,3.2589,safe,0.0824,0.8156,7.6777,0
0.0053,0.2578,0.0936,0.9139,0.8227,1.718,grey,-0.0021,1.8423,1.5353,0
0.4055,0.3309,0.2389,1.2176,1.8026,3.6237,safe,0.0224,0.8551,10.7827,0
0.0789,-0.0688,-0.0686,0.4541,1.0169,0.9908,distress,-0.1457,2.0025,1.1576,0
0.1086,-0.0432,-0.0922,0.0549,1.0753,0.8509,distress,-0.0198,2.2507,0.8244,1
0.2232,-0.0175,0.0598,0.541,1.2234,1.7792,grey,-0.0845,2.2613,2.4455,0
0.4204,0.1515,0.044,0.5917,0.6643,1.4781,grey,0.0756,0.9148,2.7806,0
0.0978,0.0445,0.1451,0.99,1.0512,2.0235,grey,0.0973,0.9938,3.8241,0
0.3913,0.3431,0.3085,1.5968,1.0463,3.2445,safe,0.0312,0.6287,5.5158,0
0.3457,0.4998,0.1879,1.834,1.3644,3.3871,safe,0.1337,0.5585,5.888,0
0.1977,0.12,0.082,1.0882,0.4118,1.3661,grey,-0.1282,1.2877,2.1261,0
0.2231,0.0523,0.0262,0.8673,1.0502,1.6981,grey,0.0333,1.799,3.2952,0
0.2529,-0.0571,0.0973,1.1569,0.8617,1.7811,grey,0.0485,0.9514,2.4881,0
0.0311,0.0638,0.0413,0.6678,1.2306,1.7133,grey,0.0563,1.8645,3.7805,0
0.0868,-0.2083,0.0212,0.0454,0.5389,0.5086,distress,-0.1276,2.9286,1.0783,0
0.0008,0.1243,0.074,1.1509,0.8553,1.6729,grey,-0.0386,2.3524,2.1168,0
0.3464,0.1635,0.1647,1.4289,1.4773,2.973,safe,0.0821,0.4066,9.0583,0
0.4976,0.3368,0.2308,1.5145,1.4441,3.4365,safe,0.1441,0.9289,10.1003,0
0.3727,0.4319,0.3486,1.5067,1.6306,3.9761,safe,0.0946,0.3966,10.3259,0
-0.1001,0.0874,0.0444,0.6932,0.313,0.7437,distress,-0.0865,3.0125,1.1775,0
0.4195,0.3256,0.2191,1.7956,1.354,3.3627,safe,0.0549,0.7325,10.9131,0
-0.175,0.2238,0.0335,0.4426,0.298,0.6514,distress,-0.1423,4.7808,0.8311,0
0.1738,0.1129,0.0585,1.039,0.841,1.6777,grey,-0.0115,0.8545,3.036,0
0.0672,0.0579,0.0065,0.3089,0.8896,1.1348,distress,-0.0468,3.4745,0.478,1
0.0513,-0.016,-0.0029,0.4147,0.5391,0.7266,distress,-0.086,2.3716,0.8567,0
0.0952,-0.113,0.027,0.392,0.9486,1.1677,distress,-0.0517,4.1882,1.478,0
0.3453,0.3279,0.1195,2.1621,1.2189,3.0213,safe,-0.0335,0.3775,6.0195,0
0.2152,0.1697,0.0781,0.8593,0.6037,1.5042,grey,-0.1431,1.745,2.2435,0
0.3995,0.3974,0.2545,2.365,1.3842,3.7885,safe,0.1159,0.7706,6.8267,0
0.3711,0.1102,-0.0296,0.6356,1.208,1.7399,grey,0.0487,1.2461,2.6593,1
0.227,-0.0315,0.0909,1.2725,1.0222,1.973,grey,0.0219,2.1775,2.4446,0
0.3278,0.1529,0.1191,1.9568,1.4514,3.0048,safe,0.1998,0.6435,11.5026,0
0.4249,0.2715,0.1919,2.3446,1.5983,3.7106,safe,0.0759,0.3874,8.0362,0
0.2283,0.2329,0.1987,2.3777,1.3826,3.3569,safe,-0.0575,0.6658,10.1114,0
0.1352,0.0749,0.0578,0.7881,1.0106,1.6797,grey,-0.0113,1.5008,3.3991,0
-0.0841,-0.0617,-0.0099,0.3745,0.9089,0.921,distress,-0.0714,4.0867,0.4224,0
0.1794,-0.0903,0.0386,-0.0687,0.5306,0.6728,distress,-0.1674,2.7339,0.2179,0
0.0871,0.1574,0.0898,0.9888,0.933,1.821,grey,0.0673,2.1037,3.516,0
0.3214,0.281,0.1132,2.0898,1.3574,3.0525,safe,-0.0097,0.8652,11.9899,0
0.5184,0.2469,0.2427,1.834,1.0764,3.1793,safe,-0.0285,0.574,6.6341,0
0.4104,0.0899,0.0571,1.0307,1.1048,2.0832,grey,-0.0275,0.8907,3.8509,0
-0.1783,-0.0837,0.0963,-0.0831,0.7696,0.8336,distress,-0.1976,2.6504,0.6393,0
0.333,0.2221,0.2058,1.3742,1.3997,3.0403,safe,0.1451,0.3389,6.2449,0
0.2939,0.3698,0.1866,1.8007,1.6419,3.4987,safe,-0.0671,0.4346,5.7664,0
-0.1196,-0.0302,-0.0405,0.6009,0.5347,0.5488,distress,-0.0099,2.6977,0.3027,0
0.1111,0.2382,0.1053,0.4065,1.0678,1.8451,grey,-0.0442,0.9322,3.4126,0
0.2803,0.399,0.1093,2.1912,1.1428,2.9393,safe,0.1503,0.3666,9.8057,0
0.0423,-0.3179,-0.0124,0.602,0.4312,0.4056,distress,0.027,4.8107,1.0737,0
0.1802,0.2012,-0.0029,0.7976,0.9685,1.5921,grey,-0.0111,2.0469,1.5804,0
0.0617,0.1831,0.025,0.7285,0.8713,1.4524,grey,0.1215,2.3305,3.3143,1
0.4379,0.3778,0.184,2.3636,1.3403,3.5358,safe,0.0284,0.6882,4.5105,0
0.0461,0.1441,0.007,0.778,0.5787,1.0813,distress,-0.1366,2.5458,1.3706,0
-0.1317,0.0104,-0.0579,0.1318,0.7682,0.5565,distress,-0.07,4.0281,0.7304,0
0.2825,0.3404,0.2139,2.7181,1.1391,3.434,safe,0.1026,0.6246,9.521,0
-0.1227,0.1832,0.0099,-0.147,0.7893,0.8241,distress,0.1345,3.8188,0.3062,1
-0.2483,-0.1806,-0.0316,0.3793,0.7764,0.5051,distress,0.0294,4.3951,1.7323,0
0.0695,-0.0247,0.1572,0.877,0.4714,1.3561,grey,-0.04,0.8581,3.4255,0
0.2876,0.3023,0.144,2.61,1.3091,3.3125,safe,0.0669,0.8204,10.8172,0
0.3142,0.3804,0.2832,1.1089,1.3178,3.2084,safe,0.0176,0.3296,11.0732,0
0.3377,0.3996,0.2436,2.3129,1.2117,3.518,safe,0.0293,0.6875,7.1693,0
0.0436,-0.0263,0.1165,1.3427,1.2563,2.1887,grey,-0.1038,0.8781,2.3805,0
0.01,-0.5292,0.0251,0.2773,0.6873,0.4394,distress,0.0107,4.2623,0.7676,0
-0.0109,0.1735,0.1362,0.7865,0.4098,1.3015,grey,0.0594,1.1441,2.8486,0
0.0808,-0.2042,-0.0708,0.1933,0.9223,0.6665,distress,-0.1142,4.4375,1.3782,1
0.4335,0.3357,0.2678,1.2056,1.0081,2.9396,safe,0.0244,0.7067,6.775,0
0.0013,-0.1971,0.0922,0.1247,0.6156,0.7873,distress,-0.0493,2.877,1.0332,0
0.1818,-0.1293,0.023,0.0357,0.5882,0.6942,distress,-0.0389,2.6467,0.6318,0
0.1928,0.2933,0.1097,1.5409,1.6534,3.0247,safe,0.1183,0.8566,11.5682,0
0.1889,0.0896,-0.025,1.0519,1.2588,1.8318,grey,0.1143,2.3337,3.6937,0
0.4371,0.3224,0.2207,1.8338,1.2867,3.3266,safe,0.1179,0.7936,10.2458,0
0.1445,0.2106,0.1432,0.3735,0.8219,1.7041,grey,0.1051,1.292,3.4902,0
0.3295,0.0996,0.2763,1.5712,1.2324,3.0687,safe,0.1586,0.8778,6.3629,0
0.0964,0.0479,0.1588,0.2892,0.5397,1.2631,grey,0.0877,1.8089,2.9784,0
0.1934,0.1401,0.0098,1.1368,0.8765,1.6399,grey,-0.0678,2.2325,2.3098,0
0.1089,0.1272,0.1298,0.6186,0.4394,1.2875,grey,-0.1242,1.1956,3.5916,0
-0.1863,-0.0372,0.0033,0.1784,0.5059,0.4249,distress,0.2072,3.5549,0.3599,1
0.0443,0.0358,0.0728,0.435,1.1105,1.5793,grey,-0.0542,2.0629,2.0927,0
0.2872,0.3311,0.1559,1.9221,1.282,3.0574,safe,0.0116,0.4249,5.5963,0
0.1469,0.1028,0.0079,0.645,1.1287,1.6143,grey,-0.0858,1.0885,3.4914,0
0.2252,0.1303,0.1993,0.47,0.8743,1.9612,grey,0.1359,2.4773,1.7345,0
-0.2453,-0.131,0.0612,0.2163,0.5566,0.5498,distress,0.0563,3.6001,0.7181,1
0.3512,0.3481,0.2068,2.1327,1.1705,3.253,safe,0.0546,0.7412,6.8945,0
0.2929,0.2834,0.2929,1.7151,1.3241,3.402,safe,0.0661,0.3922,5.0053,0
-0.3692,-0.2527,0.0366,0.3228,0.7461,0.515,distress,0.1351,3.8073,0.8048,0
0.3865,0.6179,0.2311,1.4464,1.4907,3.6137,safe,0.0583,0.6273,5.5739,0
0.4836,0.2809,0.2642,1.5787,1.6365,3.7019,safe,0.0879,0.6036,7.7546,0
-0.1676,0.1739,-0.0467,0.5657,0.5359,0.6545,distress,0.1413,4.9538,1.2848,1
0.0629,0.2801,0.0828,0.8736,0.4559,1.3615,grey,-0.0358,1.6841,3.6068,0
0.4564,0.1858,0.1804,3.0988,1.2669,3.6109,safe,0.166,0.9205,11.3685,0
0.1116,0.1431,0.0674,0.7872,0.9196,1.659,grey,-0.0375,1.4835,2.0617,0
-0.1855,-0.1114,-0.0126,0.0723,0.5896,0.3524,distress,-0.1075,2.2949,0.2687,0
0.1286,-0.024,0.1747,1.0047,0.8825,1.9172,grey,-0.016,1.3684,1.915,0
0.1532,0.1318,0.0565,0.9306,0.7049,1.4914,grey,0.0457,0.9329,3.6245,0
0.3028,0.3264,0.1831,1.6539,1.169,2.9239,safe,0.0649,0.66,10.8606,0
-0.2526,-0.1467,-0.0273,0.4739,0.9945,0.8014,distress,0.0456,3.7823,0.5918,0
0.2109,0.4439,0.1714,1.945,1.8977,3.7705,safe,0.171,0.9277,7.8045,0
0.361,0.5445,0.0974,2.536,1.245,3.3301,safe,0.1047,0.4805,8.6877,0
0.0517,0.1421,0.1298,0.7611,0.9175,1.796,grey,0.05,1.7388,2.0294,0
0.1607,0.1878,0.1489,0.7993,1.1038,2.1743,grey,-0.0391,1.3434,2.2349,0
0.5437,0.4106,0.1223,1.9739,1.0779,3.0223,safe,0.0629,0.7567,6.5297,0
-0.1747,-0.3665,0.061,0.532,0.9615,0.9368,distress,-0.107,2.1349,1.5972,0
-0.1014,-0.028,0.026,0.5042,0.5629,0.7579,distress,-0.0559,3.8854,0.8737,1
-0.261,0.0532,-0.0169,0.2182,0.7103,0.6061,distress,0.0543,3.5172,1.5112,0
0.3071,0.2456,0.0301,0.6943,1.0201,1.8314,grey,0.1872,0.9824,2.0918,0
0.5079,0.316,0.1729,1.9429,1.5918,3.5736,safe,0.0932,0.7632,6.9893,0
0.369,0.1545,0.2602,2.424,1.1242,3.3439,safe,0.1018,0.8045,11.7057,0
0.3587,0.3327,0.1324,1.8133,1.3712,3.0805,safe,0.1171,0.3723,10.9292,0
0.19,-0.0366,0.0463,0.5339,0.4076,0.8801,distress,0.0155,2.704,0.8292,0
0.153,0.1199,-0.0308,0.2915,0.7225,0.959,distress,-0.1586,3.1439,1.6012,0
0.1137,-0.027,0.017,0.2808,0.4913,0.7196,distress,-0.0672,3.3539,1.2119,1
0.0801,0.1234,0.0757,0.7179,1.0976,1.794,grey,-0.0973,1.3482,3.2432,0
0.2465,0.127,0.0996,0.8912,0.8771,1.8434,grey,-0.0272,2.4677,1.6059,0
0.3414,0.3791,0.2007,2.1342,0.9935,3.0772,safe,0.1339,0.9924,8.4478,0
0.2042,0.1396,0.0873,0.7475,1.1614,2.0089,grey,-0.0506,0.9508,2.5171,0
0.062,0.1739,0.123,1.2676,0.681,1.786,grey,-0.0059,2.1574,2.1728,0
0.2408,0.1301,-0.0732,0.4166,1.3715,1.5993,grey,-0.0283,1.6466,2.9511,0
0.2024,0.07,-0.0371,0.3403,0.8099,1.0404,distress,-0.241,2.8657,0.5861,1
-0.0752,0.0644,0.039,0.4464,0.5339,0.8421,distress,-0.1645,2.4476,1.0534,0
0.266,0.2176,0.219,2.1716,1.3629,3.3278,safe,0.0401,0.8633,7.0998,0
0.4829,0.4246,0.2376,1.0426,1.4487,3.3277,safe,0.1043,0.9604,5.0155,0
0.2183,0.3836,0.201,2.9913,1.3261,3.6856,safe,0.1033,0.8487,7.5071,0
0.1387,0.039,0.0863,0.6249,0.7679,1.4295,grey,0.0524,1.16,1.725,0
0.345,0.2815,0.1391,2.4113,1.1536,3.0822,safe,0.0543,0.4362,7.7338,0
0.191,0.0827,0.1987,0.2787,0.9509,1.8906,grey,-0.069,2.007,3.0889,0
0.3286,0.2202,0.2057,2.0195,1.042,2.9492,safe,0.0181,0.9711,4.3232,0
0.4774,0.2372,0.1418,2.0706,1.4289,3.2795,safe,0.1069,0.5609,4.3896,0
0.4306,0.3677,0.1227,2.2869,1.4096,3.3687,safe,0.0861,0.5339,5.9536,0
0.2116,-0.0662,-0.0131,0.7158,1.2875,1.6406,grey,-0.0205,1.0431,1.9826,0
0.2795,0.282,0.1918,2.2103,1.0819,3.0433,safe,0.1113,0.3253,4.0434,0
0.3184,0.3365,0.2168,1.7295,1.6595,3.5695,safe,0.1405,0.9549,4.4759,0
0.311,0.4848,0.1695,2.6339,0.8689,3.1338,safe,0.1152,0.3124,7.6262,0
0.0087,-0.159,-0.071,0.3228,0.9698,0.7545,distress,-0.1798,4.7699,0.6605,0
0.1825,0.2514,0.1768,2.684,1.2391,3.2569,safe,0.139,0.9412,5.8417,0
0.3515,0.369,0.2084,1.6079,1.5057,3.39,safe,0.1418,0.579,11.9231,0
0.0506,0.1436,0.1261,0.998,1.3791,2.3453,grey,-0.0434,1.4142,3.6316,0
0.0612,0.0364,-0.0476,0.5227,0.4868,0.6323,distress,-0.034,2.0374,0.8945,0
0.0837,0.2738,0.1364,0.8293,0.6649,1.7275,grey,-0.027,2.1165,3.0773,0
-0.2283,0.0596,0.0444,0.4953,0.7098,0.9413,distress,0.0177,4.9141,1.0848,1
0.0739,0.0155,0.0584,0.4153,0.6389,1.0596,distress,-0.0764,2.8114,0.7947,1
0.4752,0.2479,0.1539,1.5604,1.4372,3.1185,safe,0.1699,0.757,11.6428,0
0.4214,0.3242,0.1432,2.5256,1.0678,3.1479,safe,0.0819,0.6602,9.4183,0
0.1472,0.1355,0.1903,0.6429,1.0056,2.0852,grey,0.0848,1.2364,3.9244,0
0.1978,0.1831,0.1104,0.7357,0.4384,1.3865,grey,-0.0219,0.8554,1.6674,0
-0.1066,-0.3875,-0.0466,0.4922,0.1725,-0.1705,distress,-0.1366,3.6818,0.969,0
-0.0082,0.0604,0.0773,1.1497,0.6409,1.4078,grey,0.0041,1.6018,2.7151,0
0.0585,0.1526,0.0994,0.4539,0.9396,1.6082,grey,0.0816,2.3785,2.7605,0
0.5549,0.4785,0.2482,1.3396,1.4565,3.5904,safe,0.1184,0.7205,5.7308,0
0.3735,0.4611,0.1067,1.9245,1.7464,3.541,safe,-0.0191,0.3287,10.2187,0
-0.0282,-0.041,-0.0331,0.4714,0.422,0.4614,distress,0.0235,4.8344,0.9124,0
0.0964,-0.1233,0.0815,0.5737,0.7608,1.2184,distress,-0.1422,4.9982,0.212,1
0.35,0.2278,0.199,1.7514,1.828,3.6221,safe,0.1744,0.5914,4.394,0
0.0714,0.0968,0.0899,0.5698,0.6984,1.3489,grey,-0.0852,2.1308,3.856,1
-0.0201,0.2708,0.0185,0.242,0.701,1.0737,distress,-0.0344,2.5191,1.7936,1
0.2605,0.1422,0.1029,0.9089,1.0744,2.0809,grey,0.1694,1.7652,1.6728,0
-0.1457,-0.1995,-0.0231,0.0579,0.9447,0.6219,distress,-0.0521,3.6288,0.7127,1
0.1657,0.1033,0.1139,0.6888,0.9589,1.8065,grey,0.071,1.922,3.312,0
0.0475,0.077,0.1414,0.6081,1.0601,1.852,grey,-0.0277,0.8525,2.4911,0
0.1601,-0.0406,0.0933,0.4809,0.9499,1.5204,grey,-0.0993,2.0099,1.757,0
0.5504,0.3824,0.1902,1.5805,1.0816,3.0527,safe,-0.0478,0.6755,11.7233,0
0.2606,0.2737,0.1388,2.4909,1.1505,3.0444,safe,0.1573,0.4802,10.0186,0
0.2718,0.1936,0.1561,0.9076,1.1263,2.349,grey,-0.0115,0.8701,1.7499,0
0.009,0.1061,0.0435,0.9134,1.0131,1.6263,grey,0.0325,2.3697,2.1147,0
-0.1336,0.0957,-0.027,0.5018,0.3603,0.4716,distress,0.0473,2.991,1.3105,0
0.3262,0.2734,0.1939,1.5223,1.3415,3.0461,safe,0.1408,0.5755,6.5439,0
0.0318,0.1466,0.0923,1.1254,1.0377,1.9421,grey,-0.1564,0.9339,2.4617,0
0.4665,0.4647,0.1986,2.0948,0.8547,3.078,safe,0.0747,0.321,4.9516,0
0.4056,0.3177,0.1975,2.5368,1.5678,3.8036,safe,-0.092,0.6195,7.0907,0
-0.0906,0.0109,0.128,0.2294,0.5947,1.0318,distress,-0.0481,2.9488,0.5284,0
0.1622,0.1925,0.2326,1.935,1.3236,3.1357,safe,0.1916,0.3565,9.2134,0
